UID-G-NR,Gender,Major,Class,Q1 Raw,Q2 Raw,Q3 Raw,,,,,,,,,
UID-A-1,Male,Business,Senior,"the body of technologies, processes and practices designed to protect networks, computers, programs and data from attack,",Long and precise ,Making sure you're making secure payments,,,,,,,,,
UID-A-2,Female,Business,Junior,Certain programs that protect websites from hackers and other people trying to take over websites and browsers. ,Different characters and numbers,Companies pay other companies to protect their website ,,,,,,,,,
UID-A-3,Female,Business,Senior,to protect me from bad things such as fraud and to protect my password and identity. ,"capital and lower letters and many numbers.
",everything is private ,,,,,,,,,
UID-A-4,Male,Business,Sophomore,Cyber security is just secuirty and protection for the virtual world.,"Both characters, numbers, special numbers and at least one capital letter.",Security is achieved through some type of encrytion I think.,,,,,,,,,
UID-A-5,Female,Business,Sophomore,It is a form of security that protects individuals from identity theft and other internet related breaches.,"A strong password consists of uppercase and lowercase letters, numbers, symbols; nothing personally related to you.",A software that protects online consumers,,,,,,,,,
UID-A-6,Female,Business,Senior,It's security online and includes security within any electronics and how all your information and everything placed in the system is secured and doesn't get leaked,Using capital and lowercase letters as well as numbers & making the password long enough and unique in order for no one to be able to hack your information ,I'm not sure,,,,,,,,,
UID-A-7,Female,Business,Senior,Cybersecurity is a program that protects you from security issues  ,A lot of numbers and words,Security is achieved by a system that protects you from cyber crime ,,,,,,,,,
UID-A-8,Female,Business,Junior,,Something that no one could guess,It isnt,,,,,,,,,
UID-A-9,Female,Business,Junior,Protecting yourself from the bad things that can happen on the internet ,A strong password includes characters that people can not figure out easily,Being able to create accounts and save things to not keep public,,,,,,,,,
UID-A-10,Female,Computing,Sophomore,Attempting to protect information from the public,"Having a variety of characters, numbers, and symbols that are randomized. ",The store uses many servers and walls to protect the user from being a victim of fraud,,,,,,,,,
UID-A-11,Male,Computing,Junior,The process of defending a company or yourself from potential cyber attacks.,Long varying passwords,"By having a secure password, and by amazon utilizing the principles of cybersecurity with efficiency.",,,,,,,,,
UID-A-12,Female,LiberalArts,Sophomore,Cybersecurity is the field of enhancing security of technology and the Internet,"Diversity in characters (i.e. capital letters, lowercase letters, numbers, and symbols) & avoiding easy-to-guess passwords","I'm not totally sure, but I know they have a strong cybersecurity team making sure their customers' information isn't hacked into",,,,,,,,,
UID-A-13,Female,Other,FirstYear,Making sure that you cannot be hacked,Something that is not easily guessed,They do not allow people onto your account.,,,,,,,,,
UID-A-14,Female,Other,Junior,A way to protect the web.,"Many letters, that include numbers and symbols.",It asks for a password.,,,,,,,,,
UID-A-15,Female,Other,FirstYear,being able to keep your information private on the internet,"8 or more characters including at least one number, one capital letter, and one special character",not giving out your log in information or your credit card information,,,,,,,,,
UID-A-16,Female,Other,FirstYear,Keeping your identity and information safe online,"Capital letters, special characters, numbers",I'm not sure,,,,,,,,,
UID-A-17,Female,Nursing,FirstYear,How the internet protects your personal information and if the websites you go on are secure or not. ,"Using upper case and lower case letter, other characters, and numbers. ",If the lock on the url line is not broken. ,,,,,,,,,
UID-A-18,Female,Other,FirstYear,security online,a mix of uppercase and lower case letters with numbers and symbols,when it has the secure lock at the bottom of the page,,,,,,,,,
UID-A-19,Male,Business,FirstYear,Security that protects your personal information online.,"A strong password includes letters,symbols and numbers.",There are security locks at the bottom of the page.,,,,,,,,,
UID-A-20,Female,Other,FirstYear,Cybersecurity is how we are protected online. ,"A strong password is a combination of letters, numbers and symbols that are not easily guessed by other people. It needs to be something hard that someone cannot randomly guess. ","Security is achieved when our credit cards, addresses and passwords are protected from hackers. ",,,,,,,,,
UID-A-21,Male,Other,FirstYear,Cybersecurity is the security of the web ,"A strong password is comprised of many different numbers, letters,and symbols that are randomized  ",By having a secure network,,,,,,,,,
UID-A-22,Female,Other,FirstYear,Cybersecurity is being safe on the internet and having your websites be protected.,"A strong password is something that isn't your last name, childhood dog, etc. It has to be a combination of letters and numbers that people will be unable to guess.",Your credit cards/ payment methods are protected by amazon and your passwords. ,,,,,,,,,
UID-A-23,Female,Business,FirstYear,"security on the internet mainly against bullying.
","Having capital letters,numbers, symbols and using things people wont easily guess.",they can ask a security question you set up.,,,,,,,,,
UID-A-24,Female,Other,FirstYear,Cybersecurity is online safety. ,Many numbers and letters that are not obvious. Don't use your name or someone in your family's name. ,Security is achieved when shopping online in an online store by the payment methods being protected. ,,,,,,,,,
UID-A-25,Female,LiberalArts,Sophomore,Cybersecurity is how secure the internet is or how secure your computer is. Some computers have programs to protect against potential viruses or hackers. This is an example of cybersecurity. ,"A strong password consists of at least 10 characters, one uppercase, one lowercase, a number and a symbol.","Amazon has their own cybersecurity program that protects their customers credit card information and personal information. Their cybersecurity program is one of the strongest, as they have millions of customers to protect. ",,,,,,,,,
UID-A-26,Female,Other,FirstYear,Protection of the internet,"Uppercase and lowercase letters
Numbers
Symbols

A combination of the three so no one can guess it. ","You need to enter the security code for the card every time so no one can sign on and buy things on your card.
",,,,,,,,,
UID-A-27,Male,Other,FirstYear,"Practice designed to protect your computer from attack, damage, and unauthorized access.","A combination of letters, numbers, and symbols that only you would know.",I have no idea lmaooo,,,,,,,,,
UID-A-28,Female,Other,FirstYear,The safety of people online. Everyone has the right to privacy.,Random letters and numbers so that it becomes hard for people to guess it.,"I'm not sure, but I feel that it is a safe place to give my information and I trust it rather than a random unknown site.",,,,,,,,,
UID-A-29,Female,Other,FirstYear,Cybersecurity is protecting computers from viruses and ensuring constant safety.,A strong password may typically include capital and lowercase letters in addition to numbers or other characters.,"Security is achieved while online shopping by having a security software installed on your computer that lets the user know whether the site is safe, such as McAfee. ",,,,,,,,,
UID-A-30,Female,Other,Junior,Cybersecurity makes sure its safe to search the internet and that there is no one trying to hack into computers for information.,A strong password is one that is random and has a lot of numbers or characters. One that does not include your name or something obvious like the town you're from or your middle name.,You have to type in a password and it sometimes asks you security questions. ,,,,,,,,,
UID-A-31,Female,Other,Sophomore,The security that prevents hackers from hacking and retrieving information.,"Having a different password for each account and making a password that no one is likely to guess. Also including capital letters and numbers makes it even more less likely to be hacked by another user.
",Credit card information is in the account at all times.,,,,,,,,,
UID-A-32,Female,Other,FirstYear,Cybersecurity is when computer systems are protected from any damage or theft of their information or hardwares. ,"Add capital letters, make a lengthy password, and have numbers or other symbols contained within the password. For example, PACEfreshman1! This makes the password harder to guess for people trying to hack you or cause any harm. ","You make sure that the website is trustworthy and don't just buy from random websites. Amazon has established a trustworthy reputation with its customers, including myself, hence why ,I continue to buy products from them. Don't go to a random website that doesn't have a well established reputationn and give them all your personal information. ",,,,,,,,,
UID-A-33,Female,Other,FirstYear,The ways in which you protect yourself online.,A strong password is made of random letters and numbers in a weird order.,"By using a secondary server, paypal, to pay for items.",,,,,,,,,
UID-A-34,Female,Other,FirstYear,The security of online posting and finding out the correct information and preventing the hackers from getting into your computer.,Having different passwords for each account you have in case someone figures out one password they wont have the password to all your accounts.,Security is achieved when you put in your debit/credit card information so you can identify who is using the account and where the money is coming from.,,,,,,,,,
UID-A-35,Female,Other,FirstYear,"Cybersecurity is the process of protecting and ensuring the safety of all internet access systems. This may be done through high security passwords, certain walls for certain websites, and the prevention of hackers through these acts.","A strong password could be assumed as having one capital letter, one number, and seven to fourteen characters.","Security is achieved when shopping online through security questions and answers, passwords and usernames, and displaying black dots instead of letters when typing in a password. Having a variety of questions when choosing a security question lowers the chance of hacking.",,,,,,,,,
UID-A-36,Male,Other,FirstYear,"Cyber security is the protection of not only ones access to the internet but also of all of a persons electronic information. This ranges from email passwords, to credit card information that are stored on websites.   Cyber security also protects people from being spied on in there own house by malicious bugs and virus'.  ",A strong password is made by using a unique word or combination of numbers and letters that is known only to you and isn't easy to guess or recreate. ,"Amazon is a middle man website that serves as a proxy seller for goods. So by using Amazon to buy goods your making sure one that you arent being scammed, two that your credit card information is safe and three that the deal your making will be safe and refundable if there is an issue of fraud. ",,,,,,,,,
UID-A-37,Female,Other,FirstYear,"I do not know the exact definition of cybersecrurity, but I think it is secruity on computers to make them save so people will not hack them and to not get viruses. ","A strong password is anything that does not include any of your personal information. It should have uppercase and lowercase letters, numbers, and symbols
",Security is achieved by sites that are trustable and reliable. ,,,,,,,,,
UID-A-38,Male,Other,Junior,The safety of you on the internet and the world of computers and hackers.  ,"Having numbers, personal info only you would know, and something that is easy for you to remember and hard for the hackers.   ",Security is achieved by using your own account to shop.,,,,,,,,,
UID-A-39,Female,Nursing,FirstYear,"Cyber security is making sure that online information is secure and not easily accessible to others. Keeping personal, and other information that may be dangerous if someone gets it. ","A strong password is one that is long, involves multiple numbers, letters, and either random information or things that no one can possibly know. ","There is no way you can achieve total security when shopping online, and the best way is to just not shop online. You can either limit you use or not save any personal information when it asks.  ",,,,,,,,,
UID-A-40,Male,Other,FirstYear,Cybersecurity is being able to protect your data and devices from hackers and bots that want to embed themselves within your devices to steal information and or plant viruses within your device to monitor you. ,"What makes a strong password is when you change it every three months, it's unique to whatever account you are using (meaning only you have multiple passwords to things), and you have a unique password. ",Security is achieved when you constantly update your password.  ,,,,,,,,,
UID-A-41,Male,Other,Senior,"Keeping your private information like personal information, credit card information, and any other sensitive information safe.",A variety of letters characters and numbers,"The security for amazon has data privacy, password control, and supported browsers.",,,,,,,,,
UID-A-42,Female,Nursing,FirstYear,Cybersecurity is security on the web,"to have a strong variation of characters such as both uppercase and lowercase letters as well as numbers. No repeating characters such as 111 or or bbb, and no characters in sequence such as 123 or abc.",Security is achieved by using a secure server to access the website and having a private account for the shopping website. ,,,,,,,,,
UID-A-43,Male,Other,Sophomore,"being protected against the criminal or unauthorized use of electronic data, or the measures taken to achieve this.",Special Characters With different letter and numbers,Websites using Https:// and has a secure connection,,,,,,,,,
UID-A-44,Male,Business,FirstYear,Cybersecurity is the interenet's security ,A strong password is made by different letters and numbers that don't have any relevance to your name or you.,Security is achieved when you're packages come perfectly and you paid what you were supposed to pay.,,,,,,,,,
UID-A-45,Female,Nursing,FirstYear,Cyber security is protection and security of computers and online equipment form theft of any information that you insert into the computer.,A strong password is something that is not easily known and could consist of a capital letter or symbol.,They should not share any of the information that you put into the website. ,,,,,,,,,
UID-A-46,Female,Nursing,FirstYear,Cybersecurity is computer hardware protection.,"Capital letters, numbers, symbols, Something that has nothing to do with your name.",They have secure checkouts which ensure your information remains only in that site when you are logging on to buy something.,,,,,,,,,
UID-A-47,Female,Business,FirstYear,Cyber-security is the precautions that are in place to protect you and your information online. ,"A strong password is one that is seemingly random, has a mix of upper and lower case characters, numbers, and symbols. ",I don't know how security is achieved when shopping online. ,,,,,,,,,
UID-A-48,Female,Nursing,FirstYear,Cybersecurity is protective measures against hackers and those with malicious intent via electronics,"A strong password has a mixture of letters, numbers, and symbols that do not coherently make any sense",Encrypting credit card information and not giving out information like social security,,,,,,,,,
UID-A-49,Female,Other,Junior,"A protection of your information online from anyone else to steal or hack
","Long words, upper and lower case letters, numbers ",no idea ,,,,,,,,,
UID-A-50,Female,Other,FirstYear,I am not completely sure what it is exactly. I know that it is some sort of protection  given to an individual on their internet or computer.  ,Something that is unique and that is not something that someone will know.,I have no idea how it is achieved.,,,,,,,,,
UID-A-51,Female,Other,FirstYear,being safe on internet ,"capitals, numbers, lowercase",not auto saving information,,,,,,,,,
UID-A-52,Female,Nursing,FirstYear,Protection of a computer system ,"Capital Letters, numbers, and also special characters",Your credit card information and address is protected ,,,,,,,,,
UID-A-53,Female,Nursing,FirstYear,People that overlook  the web to make sure that there is no dangerous of harmful activity that shouldn't be done,"8 characters long, numbers, and a special character",you check on top to make sure there is a lock to prove its secure and then you can take your card on file.,,,,,,,,,
UID-A-54,Male,Other,Junior,"Cybersecurity is a term used to describe the methods of protection used when accessing the internet, to prevent crimes such as theft and viruses. ","A strong password involves case-sensitive characters, including lowercase and uppercase letters, numbers, and even symbols. ","Security is achieved through multiple requests for individual passwords, and secure checkout with billing information. ",,,,,,,,,
UID-A-55,Male,Other,FirstYear,Protection against online hackers. Protects passwords and identity. ,A password that isn't predictable for you personally. ,By not saving credit card numbers.,,,,,,,,,
UID-A-56,Male,Business,FirstYear,Protection from being hacked.,"Something that isn't easily attached to you and contains uppercase's, lowercase's, and symbols.",they protect your credit card information.,,,,,,,,,
UID-A-57,Female,Nursing,FirstYear,"protection on the computer to save accounts from being hacked
","lots of different letters, numbers and symbols, not your name or personal information",passwords are used and there is a secure network used by the company. ,,,,,,,,,
UID-A-58,Male,Nursing,Senior,security on the internet the protects personal data ,"use of special characters, upper and lower case ",Honestly not sure. It is a major website that hasnt had major problems ,,,,,,,,,
UID-A-59,Female,Nursing,FirstYear,keeping your information secure online,"Capitilization, numbers, and punctuation",,,,,,,,,,
UID-A-60,Female,Other,Sophomore,Security on the internet.,"Random numbers, letters and capitals",Log in inofrmation,,,,,,,,,
UID-A-61,Female,Nursing,FirstYear,A program that protects you on the internet. ,"Using capital letters, lowercase letters, numbers, and sometimes a special character.",I have no idea,,,,,,,,,
UID-A-62,Female,LiberalArts,FirstYear,being safe on the internet,"numbers, letters, symbols. etc",having a strong password,,,,,,,,,
UID-A-63,Female,Other,FirstYear,to help keep whatever you put on the internet safe,"mixture of letter, numbers, and symbols",to not keep your credit card in the system,,,,,,,,,
UID-A-64,Female,Nursing,FirstYear,Security on the internet or any form of technology. ,"Something that is not easily predicted. Often they include upper and lowercase numbers, symbols and numbers. ","Passwords, the information is kept confidential, two-factor authorizations. ",,,,,,,,,
UID-A-65,Female,LiberalArts,FirstYear,keeping your information safe online,"8+ letters, one uppercase, one lowercase, at least one number, and at least one piece of punctuation",encryption ?,,,,,,,,,
UID-A-66,Female,Nursing,FirstYear,Protection of privacy on the web ,"Capitol and lowercase letters, numbers, symbols",passwords ,,,,,,,,,
UID-B-1,Male,Computing,Sophomore,Is protecting computer systems from malicious activity,"Length, use of numbers, letters and symbols.","Not storing any information, Encryption etc",,,,,,,,,
UID-B-2,Male,Computing,Sophomore,Cybersecurity is when electronic data is being protected against unauthorized users,"A strong password contains nothing that can be related to the user personally and the password has both letters, numbers, and symbols. ",Security is achieved by not giving all you information online and making sure the website youbare using is secure,,,,,,,,,
UID-B-3,Male,Computing,Senior,"Cybersecurity is the protection of computers, systems, and information from hackers who try to gain access.","A strong password is one that has a combination of letters, numbers, and other characters that an attacker cannot gain access to with a simple dictionary attack.","Security is achieved by online stores by keeping the information of the user secure, and not having the information go to various third party sources.",,,,,,,,,
UID-B-4,Male,Computing,Senior,Cybersecurity deals with the protection and safeguarding of online data and information from unauthorized usage or removal,"A strong password has a lot of characters but is still memorable, contains symbols and numbers, and has no relation to your personal life meaning it is completely random","Amazon offers a secure web connection to their site, and data such as your credit card information and address are encrypted and stored securely on Amazon's databases so that only you and Amazon know this information",,,,,,,,,
UID-B-5,Female,Computing,Sophomore,When electronic data is being protected against criminal or unauthorized activity.,"What makes a password strong is something that isn't common, had uppercase, symbolys, numbers to make it hard to crack.",They use things like a threat monitor,,,,,,,,,
UID-B-6,Male,Computing,Junior,It's keeping data safe and unaltered as well as preventing malicious users from entering your systems.,"A character set that is difficult or impossible to guess by adding letters, capitalization, numbers, and if allowed, symbols.",Any data that passes through is protected by a high level encryption and monitoring is prevented,,,,,,,,,
UID-B-7,Male,Computing,Sophomore,The method of defending machines against outside attackers online,"Atleast 9 characters, use both upper and lower-case, and has numbers and symbols",Credit card data is stored securely online so you can purchase items without the thought of it being stolen,,,,,,,,,
UID-B-8,Male,Computing,Sophomore,Cyber security is the topic revolving around the various diffrent security threats that we face on a digital level. It is taking theses threats and learning how to respond to them as well as prevent them.,To make a strong password it is required to include both letters and numbers. It is good to also make sure that words should not be put alone.,Secuirty is made through verifying that a certificate is present on the site and it is using SSL and TlS,,,,,,,,,
UID-B-9,Male,Computing,Sophomore,Cyber security is the protection of information on a computer,Something that is at least 8 characters long and includes numbers and/or symbols,Encrytion,,,,,,,,,
UID-B-10,Male,Business,Senior,The concept of keeping computers safe from harm.,Length and variety.,SSL,,,,,,,,,
UID-B-11,Male,Computing,Junior,security of your computer and online features.,"using a complex combination of uppercase, lowercase, special characters, and numbers.","make sure the website is ""https://"" as well as clearing the cookies before and after shopping.",,,,,,,,,
UID-B-12,Male,Other,Junior,"cybersecurity is the protection of your information, data, keeping the integrity of the data, and maintaining accessability on any technological platform. Prevention of thrid parties from interefering in this constitutes in cybersecurity as well.",The longer and more random it is. The more original the better.,Certificates from a third party. Passwords and verifications.,,,,,,,,,
UID-B-13,Male,Computing,Junior,Security in the cyber world.,"Length, and variety of characters used.","Check the certificate, make sure proper protocols are being used, don't save passwords and logout when finished.",,,,,,,,,
UID-B-14,Male,Business,Senior,"The study and process of detecting weaknesses, and ways to strengthen those vulnerabilities.","Long, mixed character, non-common","Secure connections,  and layers of tunnelling",,,,,,,,,
UID-B-15,Male,Computing,Sophomore,protection of computer systems,The complexity and originiality of it,through privacy ,,,,,,,,,
UID-B-16,Female,Computing,Sophomore,"s the protection of computer systems from the theft and damage to their hardware, software or information, as well as from disruption or misdirection of the services they provide","long complex passwords that use special characters, upper and lowercase letters and numbers",they dont share our personal information,,,,,,,,,
UID-B-17,Male,Computing,Sophomore,security of information systems and the internet and the way they communicate,a string of characters longer than 6 characters with a variety of symbols and with the first letter preferably not uppercase. Length is more important than complexity,your connection is private when communicating with Amazon.com because you exchanged your certificates through handshaking and you both use a trusted CA,,,,,,,,,
UID-B-18,Male,Computing,Senior,The security methods taken to protect information on virtual devices such as computers and phones.,Long creative sequences of letters and numbers that don't resemble information that can be found from other sources.,Creating a password and not using remember me functions offered.,,,,,,,,,
UID-B-19,Male,Other,Junior,i dont know,at of characters numbers and symbols,i dont know,,,,,,,,,
UID-B-20,Male,Computing,Junior,Cybersecurity is the protection of data and information on computer systems,"numbers, symbols and capital/lowercase letters at least a length of 8 or more","Security is achieved through ad blocking, secure payment software, no malware, etc.",,,,,,,,,
UID-B-21,Male,Computing,Junior,cybersecurity is the protection of private information from unauthorized access,"a strong password is hard to guess, after that its out of you control",they use a certificate authority that helps with the encryption of your data,,,,,,,,,
UID-B-22,Male,Computing,Junior,A process of securing and protecting computer data.,"Length, complexity, variation",Through encrypted sessions as well as trusting of web certficiates,,,,,,,,,
UID-B-23,Male,Computing,Junior,Cybersecurity is the security of computers.,A strong password is hybrid of both letters numbers and special characters that are not common in the dictionary.,"Multiple ways like certificates, ssl and other various things.",,,,,,,,,
UID-B-24,Female,Computing,Sophomore,Cybersecurity is the study of how web security is implemented.,"A strong password must be at least 6 characters long, other keyboard characters can't be at the end, no digits (0-9) are allowed at the end, and there can be no capitalization change at the beginning of the password.",You can opt out of your information being shared.,,,,,,,,,
UID-B-25,Male,Other,Senior,Internet security,"be at least 8 characters, Have a capital letter not in the beginning, have at least one digit between 0-9, one non-alphabetic character or number, but not at the end",making sure the web browser has certification,,,,,,,,,
UID-B-26,Male,Computing,Junior,Cybersecurity is the concept of protecting the privacy and accessibility of electronic data and transmissions.,"A strong password (in one sense) has a combination of upper- and lowercase letters, symbols, and numbers. A truly difficult password for a program to brute force is often 12 to 16 letters long in order to frustrate the algorithm.",The customer can be assured that the website is actually Amazon.com and controlled by the Amazon company by examining the security certificate on their browser. The communication between the customer and the site is secured by TLS and ciphered using public key encryption. The electronic payments are protected according to PCI-DSS standards.,,,,,,,,,
UID-B-27,Female,Computing,Senior,Cybersecurity is the study and actions for secure IT infrastructure.,"It being at least 8 characters, uses numbers, letters and special characters, and is different than previously used passwords.",By making sure you have https in the browser heading.,,,,,,,,,
UID-B-28,Male,Business,Senior,It is a way of ensuring you're protected on the internet and all other networks. ,"at least 6 characters, with lower case, uppercase, a number and a special charater
it should not be a word
",every browser has computer security features to let you know if the site is safe or not. most safe site also have a Digital certificate ,,,,,,,,,
UID-B-29,Male,Computing,Junior,Cyber Security is keeping our technology and information protected from destructive outside forces.,"8 characters or more , at least one number at least one symbol, changes in case at not just the first letter.","Through the use of webcertificates and SSL, your connection amazon is encrypted.",,,,,,,,,
UID-B-30,Male,Computing,Junior,"Cybersecurity is a way of achieving security in any way dealing with connections, either from device to device or device to the rest of the internet.","A strong password should be anything completely unique, long, and consisting of many random letters, numbers, and symbols. You should avoid using common phrases ",Amazon (and other online stores) are certified by digital certificates such as DigiCert,,,,,,,,,
UID-B-31,Female,Other,Junior,the protection of online user information and information on the web,"has to be at least 8 characters, different letter case, characters other than letters, numbers before the end of the password",making sure it's a true site with verifying the digital certificate and making sure it's on https,,,,,,,,,
UID-B-32,Male,Computing,Senior,"cybersecurity is a system that secures and protects networks, databases and any other type of information that needs to be secured.  ","A strong password is one that cant be easily guessed, one that also includes numbers characters and symbols. ","You need to make sure that its actually amazon, you can do this by checking to see if their is a green lock symbol by https. ",,,,,,,,,
UID-B-33,Male,Computing,Sophomore,security that  deals with computers,"the longer the password with at least one change in a character, one capital letter, and one number between 0-9  ",security is achieved through digital certificates through the Secure Socket layer ,,,,,,,,,
UID-B-34,Male,Computing,Junior,The protection of data over an internet connection using for example encryption methods among many others,Usage of special chracters numbers and long ,Encryption,,,,,,,,,
UID-B-35,Male,Computing,Junior,"The defense of computer, computer systems, and computer networks.","Long, combination of letters, numbers, and special characters.",HTTPS ,,,,,,,,,
UID-B-36,Male,Business,Senior,Protecting information on computers effectively. ,"At least 8 characters
Use of Alphabet letters, numbers, and symbols. ","Very secure, thanks to digicert. ",,,,,,,,,
UID-B-37,Male,Computing,Sophomore,the protection of computer systems from theft or damage,When the password is long and unique ,Through encryption ,,,,,,,,,
UID-B-38,PreferNotToAnswer,Other,Sophomore,i don't know,numbers and alphabets,I really don't know,,,,,,,,,
UID-B-39,Male,Computing,Junior,Security of a computer,"8 characters, at least one non-alphanumeric character (symbol), at least one number not at the end of the password, at least one case change not at the beginning.","SSL Certificates, firewalls, etc.",,,,,,,,,
UID-B-40,Male,Computing,Senior,Technological security,"Uppercase, lowercase, numbers, special characters",By going through a special security site that doesn't save any information.,,,,,,,,,
UID-B-41,Female,Other,Sophomore,protection of the internet and connected systems.,"using all different upper case, lower case, numbers and symbols. Example gh!234Ghty",There is security cameras and tags on clothes. ,,,,,,,,,
UID-B-42,Male,Computing,Sophomore,The Foundation and principal on securing and protecting computers from attacks and potential vulnerabilities as well as other principles regarding hacking and system software.,"a password that has capitals, special symbols like !,@,# and  numbers. ex.

P@Ssw0rd_
is stronger than
password","By having a digital certificate to verify that sites like Amazon are actually the online shipping marketplace Amazon, essentially to protect the site from digital identity fraud",,,,,,,,,
UID-B-43,Male,Computing,Junior,Protection of computer systems for theft and wrong doing. ,"Many characters with upper and lower case including numbers. Also, it's important to use random information as a password in order to further protect your passwords.",It's important to understand if the website is truly owned by Amazon. This can be done achieved by viewing the views domain name and digital certificate.  ,,,,,,,,,
UID-B-44,Female,Business,Senior,Cybersecurity is ,"To make a strong password, you shouldn't use personal information and easy to guess phrases like ""password"" or ""123"". You should use symbols, capitals and numbers.",Security is achieved by noticing that they have a digital certificate and then your computer goes through the process of sending Amazon's public key to you. ,,,,,,,,,
UID-B-45,Male,Business,Senior,Cyber security is the process of defending networks and devices from attacks against hackers. ,Passphrases and unique passwords containing unique key characters makes up a strong password.,"When shopping in an online shop, such as Amazon, security is achieved by practicing proper protocols.",,,,,,,,,
UID-B-46,Male,Computing,Junior,Protection of systems connected to the internet ,"Use of numbers, special characters and unique words as well as having capitalized letter(s) not only in the front of the password. ","Security makes sure that when you process a payment to a store like Amazon, that your information is kept safe. ",,,,,,,,,
UID-B-47,Male,Computing,Junior,"Cybersecurity is an area of expertise in Information Technology that aims to provide information assurance for organizations and end users by enforcing security controls that maintain confidentiality, integrity and availability. ","A strong password typically has a length greater than 8 characters (an extremely strong password will e at least 64 characters long and completely random), utilize several special characters and numbers.",Security is achieved when shopping in an online store like Amazon through the use of HTTP over TLS encryption. HTTPS will encrypt communications between the client and the server so attackers will not be able to read the data if they capture it with a sniffer like Wireshark. Amazon also sanitizes user input to prevent XSS attacks and SQL injection attacks on their backend database. ,,,,,,,,,
UID-B-48,Male,Computing,Junior,"The area of defense, safety, and accessibility of data both on and off the web. Includes physical implementation of security concepts as well as teaching end-users and organizations the importance of keeping their data secure.","Length, creativity, and complexity. A password should not be able to be found in a dictionary, nor be able to be compiled of a combination of words or numbers. A strong password should include special characters, both uppercase and lowercase letters, and numbers, as well as a long length. The more variables included in the password, the less the probability it will be realistically crack-able.","Security is achieved through encryption protocols, such as SSL or TLS, and advanced cipher suites, allowing for user data to be privately shared over the internet.",,,,,,,,,
UID-B-49,Male,Computing,Junior,Cybersecurity is the concept of security within the network and/or on the internet communication.,"The length and complexity. Example staff and faculty password requirement is 12 character minimum with 3 of the 4 containing the following: lower and upper case, number, and special character",Make sure the website contain https and verify the certificate is real and valid.,,,,,,,,,
UID-B-50,Female,Computing,Sophomore,The protection of computer systems from outside digital attacks.,"A lengthy, different combination of characters makes a strong password.",Sensitive information such as credit card and account info are encrypted and protected by a secure server.,,,,,,,,,
UID-B-51,Male,Computing,Senior,"is the protection of network or networks in an organization, public or private","a combination of characters, Capitals,  lower case, numbers and no known words. ","vis the HTML, make sure is secured, HTMLS. ",,,,,,,,,
UID-B-52,Male,Computing,Junior,is a class for online security to learn how to hack works.,long and use more symbol is you can.,"is really strong, is very hard to hack. they have team to stop people to hack them.",,,,,,,,,
UID-B-53,Male,Computing,Junior,"Cyber security is the protection of computer systems from theft or damage to hardware, software, both, and any electronic data.","A strong password is a random string of letters, numbers, and symbols with both upper and lower case. ",They use HTTPS which is a secure version of HTTP. This allows for all information sent from browser to website is secure. ,,,,,,,,,
UID-B-54,Male,Computing,Sophomore,"Cybersecurity is the security for digital data.
Make sure that the data transferred is not altered, viewed or deleted by unauthorized people digitally.
","A strong password has to be not dictionary words or combinations that is easy to predict such as birthday, name, child name, etc,,,
Same passwords don't have to be used on multiple sites.
A strong password require combination of special characters.","All transmission between client and server is encrypted by using SSL TLS.
",,,,,,,,,
UID-B-55,Female,Computing,Senior,Cybersecurity is the prevention of online attacks that is now prevalent in today's digital society. Cybersecurity will remain an issue so long as we allocate resources to technologies. Cybersecurity is the means of protecting digital assets and information from malicious users.,"There is no such thing as one strong password, an individual should have many and utilize two-factor authentication when possible. A strong password is alphanumeric and contains different meta-characteristics as well as symbols and case sensitivities. ","When shopping online, a user should ONLY enter credit/debit card information when they are using the HTTPS protocol, and view the ""lock"" symbol on the left-hand side of the URL bar. This ensures the user that their credentials are not exposed publicly, and is retained securely. ",,,,,,,,,
UID-B-56,Male,Computing,Senior,"Cybersecurity is the process of protecting vital information that is stored on a network or host computer from attacks that can be used to hurt, effect or steal assets kept on a network or host machine.","A password can be strong if it has an assortment of characters such as; numbers, symbols, capital and upper case letters.",Make sure that you are using a HTTPS ahead of the website. As well as identifying a lock symbol at the very left of the URL.,,,,,,,,,
UID-B-57,Male,Business,Junior,Cybersecurity is a combination of many things relating to controlling your environment on the internet. Everything from networks to passwords is included in cybersecurity and as we gain more technology there is greater risk and greater need for new security measures while online to protect from hackers and malicious people on the internet.  ,Variety of characters and length make a password strong. An unpredictable sequence of bits makes a password harder to break into and can keep you safe on the internet.,"Amazon has network security in the form of firewalls SSL certificates, cookies and privacy policy, antivirus software and secure data storage. ",,,,,,,,,
UID-B-58,Male,Computing,Senior,cyber security is preventing access of private information from unauthorized sources,"strong password is a series of numbers, letters (both upper and lower case) and special keys that do not form a word or have any correlation to the user","Amazon uses HTTPS which is a secure channel between the user and the site, they also use end-applications to secure the bank account information being sent back and forth",,,,,,,,,
UID-B-59,Female,Computing,Senior,"Cybersecurity is safe way to protect your data online. There are many hackers that wants to get in your private info, but cybersecurity is the thing to prevent it.","A strong password is when we use all the characters: such as lower case, upper case, numbers and even punctuation. It should only be known to you and no one else.So, that no one can get your information.",They use bunch of tech people and companies to make sure that they are safe and secure. They pay companies like Accunetix to see if their website is secure.,,,,,,,,,
UID-B-60,Male,Computing,Junior,Cyber Security is the protection and defense of computer systems from damage and or theft to the system or any online applications and programs that we use. ,"A strong password is one that is difficult to guess and difficult for a computer to guess, for example you want your password to be long and random, and use as many different unique different characters as possible. Also in the case that your credentials get compromised it would also be beneficial to implement some kind of 2 factor authentication",Security is achieved by encryption and being on a safe network.,,,,,,,,,
UID-B-61,Male,Computing,Sophomore,Defending against cyber-attacks rather than offense (although a little offense is part of the job).,"I don't think there is technically such a thing as a strong password but they're still useful for keeping attackers out. A ""strong"" password can be created by a password manager such as Dashlane ID or Vultr.","As long as the site has it's SSL certificate up and running, you are good to go - for the most part. Cloud security would also be key.",,,,,,,,,
UID-B-62,Male,Computing,Sophomore,Cyber security is the protection of various computer and mobile systems from unauthorized outside users.,Having a strong password means having a long password with various characters and symbols that only you know,The website uses the HTTPS standard. ,,,,,,,,,
UID-B-63,Male,Computing,Junior,protection against online predators from access to personal information that is on the device that you are using.  ,by attaching numbers and symbols such as 123 or @!#,using a encryption and a certificate. Stores such as Amazon and online retailers are able to keep information secured while putting in personal information. ,,,,,,,,,
UID-B-64,Female,Computing,Junior,"Cybersecurity is the techniques used to protect computers, networks, programs and data from unauthorized access or attacks that are aimed for exploitation.
","Using lowercase letters, uppercase letters, numbers and special characters. The longer and more complex the password is the stronger it is. ","When using an online store you should, use your own mobile device or computer, use your own wifi connection, make sure the site you are shopping off of is safe, do not link you card to the online store, & use different passwords for each store.",,,,,,,,,
UID-B-65,Male,Computing,Junior,Is the means to secure online security,"a long password with upper-case letters, numbers and special characters.",Using encryption,,,,,,,,,
UID-B-66,Male,Computing,Sophomore,Cybersecurity is the theory and application of protecting digital data.,"At least 8 characters.  No dictionary words.  Upper case, lower case, numbers.  Put special characers in middle.",Through encryption algorithms.,,,,,,,,,
UID-B-67,Male,Computing,Senior,"protection of internet-connected systems, including hardware, software and data, from cyberattacks","Strong password is a combination of different characters (capital letter), numbers  and symbols.",Security is achieved by making sure that your network is secured ,,,,,,,,,
UID-B-68,Female,Computing,Junior,Protection against criminal use and exploitation of personal or private data.,"A strong password contains a mixture of uppercase and lowercase letters, with numbers within the password, not just in the beginning or in the end. It is not something that can be easily guessed and should be a good length to avoid potential guessing. ",There are fraud and secure sockets to ensure that information given to Amazon can not be easily obtained by a hacker. Multi step processes for logging in and securely checking out as well.,,,,,,,,,
UID-B-69,Male,Computing,Senior,"is a technique to protect data, information, and integrity of a network or a computer.",A combination of Upper and Lowercase letters and using some symbol and numeric values.,It has advanced security software and certificates which protects our data.,,,,,,,,,
UID-B-70,Male,Computing,Senior,Cybersecurity is protecting your networks and data from cyber attacks.,"A strong password will be a long string of letters, numbers, and symbols.","Through HTTPS encryption, the transfer of data between the user and Amazon becomes encrypted to prevent unauthorized individuals from seeing it. ",,,,,,,,,
,,,,,,,,,,,,,,,
,,,,,,,,,,,,,,,
,,,,,,,,,,,,,,,
,,,,,,,,,,,,,,,
,,,,,,,,,,,,,,,
,,,,,,,,,,,,,,,
,,,,,,,,,,,,,,,
,,,,,,,,,,,,,,,
,,,,,,,,,,,,,,,
,,,,,,,,,,,,,,,
,,,,,,,,,,,,,,,
,,,,,,,,,,,,,,,
,,,,,,,,,,,,,,,
,,,,,,,,,,,,,,,
,,,,,,,,,,,,,,,
,,,,,,,,,,,,,,,
,,,,,,,,,,,,,,,
,,,,,,,,,,,,,,,
,,,,,,,,,,,,,,,
,,,,,,,,,,,,,,,
,,,,,,,,,,,,,,,
,,,,,,,,,,,,,,,
,,,,,,,,,,,,,,,
,,,,,,,,,,,,,,,
,,,,,,,,,,,,,,,
,,,,,,,,,,,,,,,
,,,,,,,,,,,,,,,
,,,,,,,,,,,,,,,
,,,,,,,,,,,,,,,
,,,,,,,,,,,,,,,
,,,,,,,,,,,,,,,
,,,,,,,,,,,,,,,
,,,,,,,,,,,,,,,
,,,,,,,,,,,,,,,
,,,,,,,,,,,,,,,
,,,,,,,,,,,,,,,
,,,,,,,,,,,,,,,
,,,,,,,,,,,,,,,
,,,,,,,,,,,,,,,
,,,,,,,,,,,,,,,
,,,,,,,,,,,,,,,
,,,,,,,,,,,,,,,
,,,,,,,,,,,,,,,
,,,,,,,,,,,,,,,
,,,,,,,,,,,,,,,
,,,,,,,,,,,,,,,
,,,,,,,,,,,,,,,
,,,,,,,,,,,,,,,
,,,,,,,,,,,,,,,
,,,,,,,,,,,,,,,
,,,,,,,,,,,,,,,
,,,,,,,,,,,,,,,
,,,,,,,,,,,,,,,
,,,,,,,,,,,,,,,
,,,,,,,,,,,,,,,
,,,,,,,,,,,,,,,
,,,,,,,,,,,,,,,
,,,,,,,,,,,,,,,
,,,,,,,,,,,,,,,
,,,,,,,,,,,,,,,
,,,,,,,,,,,,,,,
,,,,,,,,,,,,,,,
,,,,,,,,,,,,,,,
,,,,,,,,,,,,,,,
,,,,,,,,,,,,,,,
,,,,,,,,,,,,,,,
,,,,,,,,,,,,,,,
,,,,,,,,,,,,,,,
,,,,,,,,,,,,,,,
,,,,,,,,,,,,,,,
,,,,,,,,,,,,,,,
,,,,,,,,,,,,,,,
,,,,,,,,,,,,,,,
,,,,,,,,,,,,,,,
,,,,,,,,,,,,,,,
,,,,,,,,,,,,,,,
,,,,,,,,,,,,,,,
,,,,,,,,,,,,,,,
,,,,,,,,,,,,,,,
,,,,,,,,,,,,,,,
,,,,,,,,,,,,,,,
,,,,,,,,,,,,,,,
,,,,,,,,,,,,,,,
,,,,,,,,,,,,,,,
,,,,,,,,,,,,,,,
,,,,,,,,,,,,,,,
,,,,,,,,,,,,,,,
,,,,,,,,,,,,,,,
,,,,,,,,,,,,,,,
,,,,,,,,,,,,,,,
,,,,,,,,,,,,,,,
,,,,,,,,,,,,,,,
,,,,,,,,,,,,,,,
,,,,,,,,,,,,,,,
,,,,,,,,,,,,,,,
,,,,,,,,,,,,,,,
,,,,,,,,,,,,,,,
,,,,,,,,,,,,,,,
,,,,,,,,,,,,,,,
,,,,,,,,,,,,,,,
,,,,,,,,,,,,,,,
,,,,,,,,,,,,,,,
,,,,,,,,,,,,,,,
,,,,,,,,,,,,,,,
,,,,,,,,,,,,,,,
,,,,,,,,,,,,,,,
,,,,,,,,,,,,,,,
,,,,,,,,,,,,,,,
,,,,,,,,,,,,,,,
,,,,,,,,,,,,,,,
,,,,,,,,,,,,,,,
,,,,,,,,,,,,,,,
,,,,,,,,,,,,,,,
,,,,,,,,,,,,,,,
,,,,,,,,,,,,,,,
,,,,,,,,,,,,,,,
,,,,,,,,,,,,,,,
,,,,,,,,,,,,,,,
,,,,,,,,,,,,,,,
,,,,,,,,,,,,,,,
,,,,,,,,,,,,,,,
,,,,,,,,,,,,,,,
,,,,,,,,,,,,,,,
,,,,,,,,,,,,,,,
,,,,,,,,,,,,,,,
,,,,,,,,,,,,,,,
,,,,,,,,,,,,,,,
,,,,,,,,,,,,,,,
,,,,,,,,,,,,,,,
,,,,,,,,,,,,,,,
,,,,,,,,,,,,,,,
,,,,,,,,,,,,,,,
,,,,,,,,,,,,,,,
,,,,,,,,,,,,,,,
,,,,,,,,,,,,,,,
,,,,,,,,,,,,,,,
,,,,,,,,,,,,,,,
,,,,,,,,,,,,,,,
,,,,,,,,,,,,,,,
,,,,,,,,,,,,,,,
,,,,,,,,,,,,,,,
,,,,,,,,,,,,,,,
,,,,,,,,,,,,,,,
,,,,,,,,,,,,,,,
,,,,,,,,,,,,,,,
,,,,,,,,,,,,,,,
,,,,,,,,,,,,,,,
,,,,,,,,,,,,,,,
,,,,,,,,,,,,,,,
,,,,,,,,,,,,,,,
,,,,,,,,,,,,,,,
,,,,,,,,,,,,,,,
,,,,,,,,,,,,,,,
,,,,,,,,,,,,,,,
,,,,,,,,,,,,,,,
,,,,,,,,,,,,,,,
,,,,,,,,,,,,,,,
,,,,,,,,,,,,,,,
,,,,,,,,,,,,,,,
,,,,,,,,,,,,,,,
,,,,,,,,,,,,,,,
,,,,,,,,,,,,,,,
,,,,,,,,,,,,,,,
,,,,,,,,,,,,,,,
,,,,,,,,,,,,,,,
,,,,,,,,,,,,,,,
,,,,,,,,,,,,,,,
,,,,,,,,,,,,,,,
,,,,,,,,,,,,,,,
,,,,,,,,,,,,,,,
,,,,,,,,,,,,,,,
,,,,,,,,,,,,,,,
,,,,,,,,,,,,,,,
,,,,,,,,,,,,,,,
,,,,,,,,,,,,,,,
,,,,,,,,,,,,,,,
,,,,,,,,,,,,,,,
,,,,,,,,,,,,,,,
,,,,,,,,,,,,,,,
,,,,,,,,,,,,,,,
,,,,,,,,,,,,,,,
,,,,,,,,,,,,,,,
,,,,,,,,,,,,,,,
,,,,,,,,,,,,,,,
,,,,,,,,,,,,,,,
,,,,,,,,,,,,,,,
,,,,,,,,,,,,,,,
,,,,,,,,,,,,,,,
,,,,,,,,,,,,,,,
,,,,,,,,,,,,,,,
,,,,,,,,,,,,,,,
,,,,,,,,,,,,,,,
,,,,,,,,,,,,,,,
,,,,,,,,,,,,,,,
,,,,,,,,,,,,,,,
,,,,,,,,,,,,,,,
,,,,,,,,,,,,,,,
,,,,,,,,,,,,,,,
,,,,,,,,,,,,,,,
,,,,,,,,,,,,,,,
,,,,,,,,,,,,,,,
,,,,,,,,,,,,,,,
,,,,,,,,,,,,,,,
,,,,,,,,,,,,,,,
,,,,,,,,,,,,,,,
,,,,,,,,,,,,,,,
,,,,,,,,,,,,,,,
,,,,,,,,,,,,,,,
,,,,,,,,,,,,,,,
,,,,,,,,,,,,,,,
,,,,,,,,,,,,,,,
,,,,,,,,,,,,,,,
,,,,,,,,,,,,,,,
,,,,,,,,,,,,,,,
,,,,,,,,,,,,,,,
,,,,,,,,,,,,,,,
,,,,,,,,,,,,,,,
,,,,,,,,,,,,,,,
,,,,,,,,,,,,,,,
,,,,,,,,,,,,,,,
,,,,,,,,,,,,,,,
,,,,,,,,,,,,,,,
,,,,,,,,,,,,,,,
,,,,,,,,,,,,,,,
,,,,,,,,,,,,,,,
,,,,,,,,,,,,,,,
,,,,,,,,,,,,,,,
,,,,,,,,,,,,,,,
,,,,,,,,,,,,,,,
,,,,,,,,,,,,,,,
,,,,,,,,,,,,,,,
,,,,,,,,,,,,,,,
,,,,,,,,,,,,,,,
,,,,,,,,,,,,,,,
,,,,,,,,,,,,,,,
,,,,,,,,,,,,,,,
,,,,,,,,,,,,,,,
,,,,,,,,,,,,,,,
,,,,,,,,,,,,,,,
,,,,,,,,,,,,,,,
,,,,,,,,,,,,,,,
,,,,,,,,,,,,,,,
,,,,,,,,,,,,,,,
,,,,,,,,,,,,,,,
,,,,,,,,,,,,,,,
,,,,,,,,,,,,,,,
,,,,,,,,,,,,,,,
,,,,,,,,,,,,,,,
,,,,,,,,,,,,,,,
,,,,,,,,,,,,,,,
,,,,,,,,,,,,,,,
,,,,,,,,,,,,,,,
,,,,,,,,,,,,,,,
,,,,,,,,,,,,,,,
,,,,,,,,,,,,,,,
,,,,,,,,,,,,,,,
,,,,,,,,,,,,,,,
,,,,,,,,,,,,,,,
,,,,,,,,,,,,,,,
,,,,,,,,,,,,,,,
,,,,,,,,,,,,,,,
,,,,,,,,,,,,,,,
,,,,,,,,,,,,,,,
,,,,,,,,,,,,,,,
,,,,,,,,,,,,,,,
,,,,,,,,,,,,,,,
,,,,,,,,,,,,,,,
,,,,,,,,,,,,,,,
,,,,,,,,,,,,,,,
,,,,,,,,,,,,,,,
,,,,,,,,,,,,,,,
,,,,,,,,,,,,,,,
,,,,,,,,,,,,,,,
,,,,,,,,,,,,,,,
,,,,,,,,,,,,,,,
,,,,,,,,,,,,,,,
,,,,,,,,,,,,,,,
,,,,,,,,,,,,,,,
,,,,,,,,,,,,,,,
,,,,,,,,,,,,,,,
,,,,,,,,,,,,,,,
,,,,,,,,,,,,,,,
,,,,,,,,,,,,,,,
,,,,,,,,,,,,,,,
,,,,,,,,,,,,,,,
,,,,,,,,,,,,,,,
,,,,,,,,,,,,,,,
,,,,,,,,,,,,,,,
,,,,,,,,,,,,,,,
,,,,,,,,,,,,,,,
,,,,,,,,,,,,,,,
,,,,,,,,,,,,,,,
,,,,,,,,,,,,,,,
,,,,,,,,,,,,,,,
,,,,,,,,,,,,,,,
,,,,,,,,,,,,,,,
,,,,,,,,,,,,,,,
,,,,,,,,,,,,,,,
,,,,,,,,,,,,,,,
,,,,,,,,,,,,,,,
,,,,,,,,,,,,,,,
,,,,,,,,,,,,,,,
,,,,,,,,,,,,,,,
,,,,,,,,,,,,,,,
,,,,,,,,,,,,,,,
,,,,,,,,,,,,,,,
,,,,,,,,,,,,,,,
,,,,,,,,,,,,,,,
,,,,,,,,,,,,,,,
,,,,,,,,,,,,,,,
,,,,,,,,,,,,,,,
,,,,,,,,,,,,,,,
,,,,,,,,,,,,,,,
,,,,,,,,,,,,,,,
,,,,,,,,,,,,,,,
,,,,,,,,,,,,,,,
,,,,,,,,,,,,,,,
,,,,,,,,,,,,,,,
,,,,,,,,,,,,,,,
,,,,,,,,,,,,,,,
,,,,,,,,,,,,,,,
,,,,,,,,,,,,,,,
,,,,,,,,,,,,,,,
,,,,,,,,,,,,,,,
,,,,,,,,,,,,,,,
,,,,,,,,,,,,,,,
,,,,,,,,,,,,,,,
,,,,,,,,,,,,,,,
,,,,,,,,,,,,,,,
,,,,,,,,,,,,,,,
,,,,,,,,,,,,,,,
,,,,,,,,,,,,,,,
,,,,,,,,,,,,,,,
,,,,,,,,,,,,,,,
,,,,,,,,,,,,,,,
,,,,,,,,,,,,,,,
,,,,,,,,,,,,,,,
,,,,,,,,,,,,,,,
,,,,,,,,,,,,,,,
,,,,,,,,,,,,,,,
,,,,,,,,,,,,,,,
,,,,,,,,,,,,,,,
,,,,,,,,,,,,,,,
,,,,,,,,,,,,,,,
,,,,,,,,,,,,,,,
,,,,,,,,,,,,,,,
,,,,,,,,,,,,,,,
,,,,,,,,,,,,,,,
,,,,,,,,,,,,,,,
,,,,,,,,,,,,,,,
,,,,,,,,,,,,,,,
,,,,,,,,,,,,,,,
,,,,,,,,,,,,,,,
,,,,,,,,,,,,,,,
,,,,,,,,,,,,,,,
,,,,,,,,,,,,,,,
,,,,,,,,,,,,,,,
,,,,,,,,,,,,,,,
,,,,,,,,,,,,,,,
,,,,,,,,,,,,,,,
,,,,,,,,,,,,,,,
,,,,,,,,,,,,,,,
,,,,,,,,,,,,,,,
,,,,,,,,,,,,,,,
,,,,,,,,,,,,,,,
,,,,,,,,,,,,,,,
,,,,,,,,,,,,,,,
,,,,,,,,,,,,,,,
,,,,,,,,,,,,,,,
,,,,,,,,,,,,,,,
,,,,,,,,,,,,,,,
,,,,,,,,,,,,,,,
,,,,,,,,,,,,,,,
,,,,,,,,,,,,,,,
,,,,,,,,,,,,,,,
,,,,,,,,,,,,,,,
,,,,,,,,,,,,,,,
,,,,,,,,,,,,,,,
,,,,,,,,,,,,,,,
,,,,,,,,,,,,,,,
,,,,,,,,,,,,,,,
,,,,,,,,,,,,,,,
,,,,,,,,,,,,,,,
,,,,,,,,,,,,,,,
,,,,,,,,,,,,,,,
,,,,,,,,,,,,,,,
,,,,,,,,,,,,,,,
,,,,,,,,,,,,,,,
,,,,,,,,,,,,,,,
,,,,,,,,,,,,,,,
,,,,,,,,,,,,,,,
,,,,,,,,,,,,,,,
,,,,,,,,,,,,,,,
,,,,,,,,,,,,,,,
,,,,,,,,,,,,,,,
,,,,,,,,,,,,,,,
,,,,,,,,,,,,,,,
,,,,,,,,,,,,,,,
,,,,,,,,,,,,,,,
,,,,,,,,,,,,,,,
,,,,,,,,,,,,,,,
,,,,,,,,,,,,,,,
,,,,,,,,,,,,,,,
,,,,,,,,,,,,,,,
,,,,,,,,,,,,,,,
,,,,,,,,,,,,,,,
,,,,,,,,,,,,,,,
,,,,,,,,,,,,,,,
,,,,,,,,,,,,,,,
,,,,,,,,,,,,,,,
,,,,,,,,,,,,,,,
,,,,,,,,,,,,,,,
,,,,,,,,,,,,,,,
,,,,,,,,,,,,,,,
,,,,,,,,,,,,,,,
,,,,,,,,,,,,,,,
,,,,,,,,,,,,,,,
,,,,,,,,,,,,,,,
,,,,,,,,,,,,,,,
,,,,,,,,,,,,,,,
,,,,,,,,,,,,,,,
,,,,,,,,,,,,,,,
,,,,,,,,,,,,,,,
,,,,,,,,,,,,,,,
,,,,,,,,,,,,,,,
,,,,,,,,,,,,,,,
,,,,,,,,,,,,,,,
,,,,,,,,,,,,,,,
,,,,,,,,,,,,,,,
,,,,,,,,,,,,,,,
,,,,,,,,,,,,,,,
,,,,,,,,,,,,,,,
,,,,,,,,,,,,,,,
,,,,,,,,,,,,,,,
,,,,,,,,,,,,,,,
,,,,,,,,,,,,,,,
,,,,,,,,,,,,,,,
,,,,,,,,,,,,,,,
,,,,,,,,,,,,,,,
,,,,,,,,,,,,,,,
,,,,,,,,,,,,,,,
,,,,,,,,,,,,,,,
,,,,,,,,,,,,,,,
,,,,,,,,,,,,,,,
,,,,,,,,,,,,,,,
,,,,,,,,,,,,,,,
,,,,,,,,,,,,,,,
,,,,,,,,,,,,,,,
,,,,,,,,,,,,,,,
,,,,,,,,,,,,,,,
,,,,,,,,,,,,,,,
,,,,,,,,,,,,,,,
,,,,,,,,,,,,,,,
,,,,,,,,,,,,,,,
,,,,,,,,,,,,,,,
,,,,,,,,,,,,,,,
,,,,,,,,,,,,,,,
,,,,,,,,,,,,,,,
,,,,,,,,,,,,,,,
,,,,,,,,,,,,,,,
,,,,,,,,,,,,,,,
,,,,,,,,,,,,,,,
,,,,,,,,,,,,,,,
,,,,,,,,,,,,,,,
,,,,,,,,,,,,,,,
,,,,,,,,,,,,,,,
,,,,,,,,,,,,,,,
,,,,,,,,,,,,,,,
,,,,,,,,,,,,,,,
,,,,,,,,,,,,,,,
,,,,,,,,,,,,,,,
,,,,,,,,,,,,,,,
,,,,,,,,,,,,,,,
,,,,,,,,,,,,,,,
,,,,,,,,,,,,,,,
,,,,,,,,,,,,,,,
,,,,,,,,,,,,,,,
,,,,,,,,,,,,,,,
,,,,,,,,,,,,,,,
,,,,,,,,,,,,,,,
,,,,,,,,,,,,,,,
,,,,,,,,,,,,,,,
,,,,,,,,,,,,,,,
,,,,,,,,,,,,,,,
,,,,,,,,,,,,,,,
,,,,,,,,,,,,,,,
,,,,,,,,,,,,,,,
,,,,,,,,,,,,,,,
,,,,,,,,,,,,,,,
,,,,,,,,,,,,,,,
,,,,,,,,,,,,,,,
,,,,,,,,,,,,,,,
,,,,,,,,,,,,,,,
,,,,,,,,,,,,,,,
,,,,,,,,,,,,,,,
,,,,,,,,,,,,,,,
,,,,,,,,,,,,,,,
,,,,,,,,,,,,,,,
,,,,,,,,,,,,,,,
,,,,,,,,,,,,,,,
,,,,,,,,,,,,,,,
,,,,,,,,,,,,,,,
,,,,,,,,,,,,,,,
,,,,,,,,,,,,,,,
,,,,,,,,,,,,,,,
,,,,,,,,,,,,,,,
,,,,,,,,,,,,,,,
,,,,,,,,,,,,,,,
,,,,,,,,,,,,,,,
,,,,,,,,,,,,,,,
,,,,,,,,,,,,,,,
,,,,,,,,,,,,,,,
,,,,,,,,,,,,,,,
,,,,,,,,,,,,,,,
,,,,,,,,,,,,,,,
,,,,,,,,,,,,,,,
,,,,,,,,,,,,,,,
,,,,,,,,,,,,,,,
,,,,,,,,,,,,,,,
,,,,,,,,,,,,,,,
,,,,,,,,,,,,,,,
,,,,,,,,,,,,,,,
,,,,,,,,,,,,,,,
,,,,,,,,,,,,,,,
,,,,,,,,,,,,,,,
,,,,,,,,,,,,,,,
,,,,,,,,,,,,,,,
,,,,,,,,,,,,,,,
,,,,,,,,,,,,,,,
,,,,,,,,,,,,,,,
,,,,,,,,,,,,,,,
,,,,,,,,,,,,,,,
,,,,,,,,,,,,,,,
,,,,,,,,,,,,,,,
,,,,,,,,,,,,,,,
,,,,,,,,,,,,,,,
,,,,,,,,,,,,,,,
,,,,,,,,,,,,,,,
,,,,,,,,,,,,,,,
,,,,,,,,,,,,,,,
,,,,,,,,,,,,,,,
,,,,,,,,,,,,,,,
,,,,,,,,,,,,,,,
,,,,,,,,,,,,,,,
,,,,,,,,,,,,,,,
,,,,,,,,,,,,,,,
,,,,,,,,,,,,,,,
,,,,,,,,,,,,,,,
,,,,,,,,,,,,,,,
,,,,,,,,,,,,,,,
,,,,,,,,,,,,,,,
,,,,,,,,,,,,,,,
,,,,,,,,,,,,,,,
,,,,,,,,,,,,,,,
,,,,,,,,,,,,,,,
,,,,,,,,,,,,,,,
,,,,,,,,,,,,,,,
,,,,,,,,,,,,,,,
,,,,,,,,,,,,,,,
,,,,,,,,,,,,,,,
,,,,,,,,,,,,,,,
,,,,,,,,,,,,,,,
,,,,,,,,,,,,,,,
,,,,,,,,,,,,,,,
,,,,,,,,,,,,,,,
,,,,,,,,,,,,,,,
,,,,,,,,,,,,,,,
,,,,,,,,,,,,,,,
,,,,,,,,,,,,,,,
,,,,,,,,,,,,,,,
,,,,,,,,,,,,,,,
,,,,,,,,,,,,,,,
,,,,,,,,,,,,,,,
,,,,,,,,,,,,,,,
,,,,,,,,,,,,,,,
,,,,,,,,,,,,,,,
,,,,,,,,,,,,,,,
,,,,,,,,,,,,,,,
,,,,,,,,,,,,,,,
,,,,,,,,,,,,,,,
,,,,,,,,,,,,,,,
,,,,,,,,,,,,,,,
,,,,,,,,,,,,,,,
,,,,,,,,,,,,,,,
,,,,,,,,,,,,,,,
,,,,,,,,,,,,,,,
,,,,,,,,,,,,,,,
,,,,,,,,,,,,,,,
,,,,,,,,,,,,,,,
,,,,,,,,,,,,,,,
,,,,,,,,,,,,,,,
,,,,,,,,,,,,,,,
,,,,,,,,,,,,,,,
,,,,,,,,,,,,,,,
,,,,,,,,,,,,,,,
,,,,,,,,,,,,,,,
,,,,,,,,,,,,,,,
,,,,,,,,,,,,,,,
,,,,,,,,,,,,,,,
,,,,,,,,,,,,,,,
,,,,,,,,,,,,,,,
,,,,,,,,,,,,,,,
,,,,,,,,,,,,,,,
,,,,,,,,,,,,,,,
,,,,,,,,,,,,,,,
,,,,,,,,,,,,,,,
,,,,,,,,,,,,,,,
,,,,,,,,,,,,,,,
,,,,,,,,,,,,,,,
,,,,,,,,,,,,,,,
,,,,,,,,,,,,,,,
,,,,,,,,,,,,,,,
,,,,,,,,,,,,,,,
,,,,,,,,,,,,,,,
,,,,,,,,,,,,,,,
,,,,,,,,,,,,,,,
,,,,,,,,,,,,,,,
,,,,,,,,,,,,,,,
,,,,,,,,,,,,,,,
,,,,,,,,,,,,,,,
,,,,,,,,,,,,,,,
,,,,,,,,,,,,,,,
,,,,,,,,,,,,,,,
,,,,,,,,,,,,,,,
,,,,,,,,,,,,,,,
,,,,,,,,,,,,,,,
,,,,,,,,,,,,,,,
,,,,,,,,,,,,,,,
,,,,,,,,,,,,,,,
,,,,,,,,,,,,,,,
,,,,,,,,,,,,,,,
,,,,,,,,,,,,,,,
,,,,,,,,,,,,,,,
,,,,,,,,,,,,,,,
,,,,,,,,,,,,,,,
,,,,,,,,,,,,,,,
,,,,,,,,,,,,,,,
,,,,,,,,,,,,,,,
,,,,,,,,,,,,,,,
,,,,,,,,,,,,,,,
,,,,,,,,,,,,,,,
,,,,,,,,,,,,,,,
,,,,,,,,,,,,,,,
,,,,,,,,,,,,,,,
,,,,,,,,,,,,,,,
,,,,,,,,,,,,,,,
,,,,,,,,,,,,,,,
,,,,,,,,,,,,,,,
,,,,,,,,,,,,,,,
,,,,,,,,,,,,,,,
,,,,,,,,,,,,,,,
,,,,,,,,,,,,,,,
,,,,,,,,,,,,,,,
,,,,,,,,,,,,,,,
,,,,,,,,,,,,,,,
,,,,,,,,,,,,,,,
,,,,,,,,,,,,,,,
,,,,,,,,,,,,,,,
,,,,,,,,,,,,,,,
,,,,,,,,,,,,,,,
,,,,,,,,,,,,,,,
,,,,,,,,,,,,,,,
,,,,,,,,,,,,,,,
,,,,,,,,,,,,,,,
,,,,,,,,,,,,,,,
,,,,,,,,,,,,,,,
,,,,,,,,,,,,,,,
,,,,,,,,,,,,,,,
,,,,,,,,,,,,,,,
,,,,,,,,,,,,,,,
,,,,,,,,,,,,,,,
,,,,,,,,,,,,,,,
,,,,,,,,,,,,,,,
,,,,,,,,,,,,,,,
,,,,,,,,,,,,,,,
,,,,,,,,,,,,,,,
,,,,,,,,,,,,,,,
,,,,,,,,,,,,,,,
,,,,,,,,,,,,,,,
,,,,,,,,,,,,,,,
,,,,,,,,,,,,,,,
,,,,,,,,,,,,,,,
,,,,,,,,,,,,,,,
,,,,,,,,,,,,,,,
,,,,,,,,,,,,,,,
,,,,,,,,,,,,,,,
,,,,,,,,,,,,,,,
,,,,,,,,,,,,,,,
,,,,,,,,,,,,,,,
,,,,,,,,,,,,,,,
,,,,,,,,,,,,,,,
,,,,,,,,,,,,,,,
,,,,,,,,,,,,,,,
,,,,,,,,,,,,,,,
,,,,,,,,,,,,,,,
,,,,,,,,,,,,,,,
,,,,,,,,,,,,,,,
,,,,,,,,,,,,,,,
,,,,,,,,,,,,,,,
,,,,,,,,,,,,,,,
,,,,,,,,,,,,,,,
,,,,,,,,,,,,,,,
,,,,,,,,,,,,,,,
,,,,,,,,,,,,,,,
,,,,,,,,,,,,,,,
,,,,,,,,,,,,,,,
,,,,,,,,,,,,,,,
,,,,,,,,,,,,,,,
,,,,,,,,,,,,,,,
,,,,,,,,,,,,,,,
,,,,,,,,,,,,,,,
,,,,,,,,,,,,,,,
,,,,,,,,,,,,,,,
,,,,,,,,,,,,,,,
,,,,,,,,,,,,,,,
,,,,,,,,,,,,,,,
,,,,,,,,,,,,,,,
,,,,,,,,,,,,,,,
,,,,,,,,,,,,,,,
,,,,,,,,,,,,,,,
,,,,,,,,,,,,,,,
,,,,,,,,,,,,,,,
,,,,,,,,,,,,,,,
,,,,,,,,,,,,,,,
,,,,,,,,,,,,,,,
,,,,,,,,,,,,,,,
,,,,,,,,,,,,,,,
,,,,,,,,,,,,,,,
,,,,,,,,,,,,,,,
,,,,,,,,,,,,,,,
,,,,,,,,,,,,,,,
,,,,,,,,,,,,,,,
,,,,,,,,,,,,,,,
,,,,,,,,,,,,,,,
,,,,,,,,,,,,,,,
,,,,,,,,,,,,,,,
,,,,,,,,,,,,,,,
,,,,,,,,,,,,,,,
,,,,,,,,,,,,,,,
,,,,,,,,,,,,,,,
,,,,,,,,,,,,,,,
,,,,,,,,,,,,,,,
,,,,,,,,,,,,,,,
,,,,,,,,,,,,,,,
,,,,,,,,,,,,,,,
,,,,,,,,,,,,,,,
,,,,,,,,,,,,,,,
,,,,,,,,,,,,,,,
,,,,,,,,,,,,,,,
,,,,,,,,,,,,,,,
,,,,,,,,,,,,,,,
,,,,,,,,,,,,,,,
,,,,,,,,,,,,,,,
,,,,,,,,,,,,,,,
,,,,,,,,,,,,,,,
,,,,,,,,,,,,,,,
,,,,,,,,,,,,,,,
,,,,,,,,,,,,,,,
,,,,,,,,,,,,,,,
,,,,,,,,,,,,,,,
,,,,,,,,,,,,,,,
,,,,,,,,,,,,,,,
,,,,,,,,,,,,,,,
,,,,,,,,,,,,,,,
,,,,,,,,,,,,,,,
,,,,,,,,,,,,,,,
,,,,,,,,,,,,,,,
,,,,,,,,,,,,,,,
,,,,,,,,,,,,,,,
,,,,,,,,,,,,,,,
,,,,,,,,,,,,,,,
,,,,,,,,,,,,,,,
,,,,,,,,,,,,,,,
,,,,,,,,,,,,,,,
,,,,,,,,,,,,,,,
,,,,,,,,,,,,,,,
,,,,,,,,,,,,,,,
,,,,,,,,,,,,,,,
,,,,,,,,,,,,,,,
,,,,,,,,,,,,,,,
,,,,,,,,,,,,,,,
,,,,,,,,,,,,,,,
,,,,,,,,,,,,,,,
,,,,,,,,,,,,,,,
,,,,,,,,,,,,,,,
,,,,,,,,,,,,,,,
,,,,,,,,,,,,,,,
,,,,,,,,,,,,,,,
,,,,,,,,,,,,,,,
,,,,,,,,,,,,,,,
,,,,,,,,,,,,,,,
,,,,,,,,,,,,,,,
,,,,,,,,,,,,,,,
,,,,,,,,,,,,,,,
,,,,,,,,,,,,,,,
,,,,,,,,,,,,,,,
,,,,,,,,,,,,,,,
,,,,,,,,,,,,,,,
,,,,,,,,,,,,,,,
,,,,,,,,,,,,,,,
,,,,,,,,,,,,,,,
,,,,,,,,,,,,,,,
,,,,,,,,,,,,,,,
,,,,,,,,,,,,,,,
,,,,,,,,,,,,,,,
,,,,,,,,,,,,,,,
,,,,,,,,,,,,,,,
,,,,,,,,,,,,,,,
,,,,,,,,,,,,,,,
,,,,,,,,,,,,,,,
,,,,,,,,,,,,,,,
,,,,,,,,,,,,,,,
,,,,,,,,,,,,,,,
,,,,,,,,,,,,,,,
,,,,,,,,,,,,,,,
,,,,,,,,,,,,,,,
,,,,,,,,,,,,,,,
,,,,,,,,,,,,,,,
,,,,,,,,,,,,,,,
,,,,,,,,,,,,,,,
,,,,,,,,,,,,,,,
,,,,,,,,,,,,,,,
,,,,,,,,,,,,,,,
,,,,,,,,,,,,,,,
,,,,,,,,,,,,,,,
,,,,,,,,,,,,,,,
,,,,,,,,,,,,,,,
,,,,,,,,,,,,,,,
,,,,,,,,,,,,,,,
,,,,,,,,,,,,,,,
,,,,,,,,,,,,,,,
,,,,,,,,,,,,,,,
,,,,,,,,,,,,,,,
,,,,,,,,,,,,,,,
,,,,,,,,,,,,,,,
,,,,,,,,,,,,,,,
,,,,,,,,,,,,,,,
,,,,,,,,,,,,,,,
,,,,,,,,,,,,,,,
,,,,,,,,,,,,,,,
,,,,,,,,,,,,,,,
,,,,,,,,,,,,,,,
,,,,,,,,,,,,,,,
,,,,,,,,,,,,,,,
,,,,,,,,,,,,,,,
,,,,,,,,,,,,,,,
,,,,,,,,,,,,,,,
,,,,,,,,,,,,,,,
,,,,,,,,,,,,,,,
,,,,,,,,,,,,,,,
,,,,,,,,,,,,,,,
,,,,,,,,,,,,,,,
,,,,,,,,,,,,,,,
,,,,,,,,,,,,,,,
,,,,,,,,,,,,,,,
,,,,,,,,,,,,,,,
,,,,,,,,,,,,,,,
,,,,,,,,,,,,,,,
,,,,,,,,,,,,,,,
,,,,,,,,,,,,,,,
,,,,,,,,,,,,,,,
,,,,,,,,,,,,,,,
,,,,,,,,,,,,,,,
